Артикул,Цена
Полотенце 100 х180 белое (itu),330
Полотенце 100 х180 бирюзовый (itu),330
Полотенце 100 х180 бордовый (itu),330
Полотенце 100 х180 голубой (itu),330
Полотенце 100 х180 желтый(itu),330
Полотенце 100 х180 зеленый (itu),330
Полотенце 100 х180 красный (itu),330
Полотенце 100 х180 лимонный (itu),330
Полотенце 100 х180 малиновый (itu),330
Полотенце 100 х180 оранжевый (itu),330
Полотенце 100 х180 персиковый (itu),330
Полотенце 100 х180 розовый (itu),330
Полотенце 100 х180 салатовый (itu),330
Полотенце 100 х180 светло-голубой (itu),330
Полотенце 100 х180 светло-зеленый (itu),330
Полотенце 100 х180 светло-кремовый (itu),330
Полотенце 100 х180 сиреневый (itu),330
Полотенце 150 х210 белое (itu),570
Полотенце 150 х210 бирюзовый (itu),570
Полотенце 150 х210 бордовый (itu),570
Полотенце 150 х210 голубой (itu),570
Полотенце 150 х210 желтый(itu),570
Полотенце 150 х210 зеленый (itu),570
Полотенце 150 х210 красный (itu),570
Полотенце 150 х210 лимонный (itu),570
Полотенце 150 х210 малиновый (itu),570
Полотенце 150 х210 оранжевый (itu),570
Полотенце 150 х210 персиковый (itu),570
Полотенце 150 х210 розовый (itu),570
Полотенце 150 х210 салатовый (itu),570
Полотенце 150 х210 светло-голубой (itu),570
Полотенце 150 х210 светло-зеленый (itu),570
Полотенце 150 х210 светло-кремовый(itu),570
Полотенце 150 х210 сиреневый (itu),570
Полотенце 150 х210 темно-оливковый (itu),570
Полотенце 150 х210 шоколад (itu),570
Полотенце 150 х210 ярко-зеленый (itu),570
Полотенце 180 х210 белое (itu),690
Полотенце 180 х210 бирюзовый (itu),690
Полотенце 180 х210 бордовый (itu),690
Полотенце 180 х210 голубой (itu),690
Полотенце 180 х210 желтый(itu),690
Полотенце 180 х210 зеленый (itu),690
Полотенце 180 х210 красный (itu),690
Полотенце 180 х210 лимонный (itu),690
Полотенце 180 х210 малиновый (itu),690
Полотенце 180 х210 оранжевый (itu),690
Полотенце 180 х210 персиковый (itu),690
Полотенце 180 х210 розовый (itu),690
Полотенце 180 х210 салатовый (itu),690
Полотенце 180 х210 светло-голубой (itu),690
Полотенце 180 х210 светло-зеленый (itu),690
Полотенце 180 х210 светло-кремовый (itu),690
Полотенце 180 х210 сиреневый (itu),690
Полотенце 180 х210 темно-оливковый (itu),690
Полотенце 180 х210 шоколад (itu),690
Полотенце 180 х210 ярко-зеленый (itu),690
Полотенце 30 х 30 кремовое (itu),0
Полотенце 30 х 30 светло-кремовое (itu),0
Полотенце 40 х70 белое (itu),56
Полотенце 40 х70 бордовый (itu),56
Полотенце 40 х70 голубой (itu),56
Полотенце 40 х70 желтый (itu),56
Полотенце 40 х70 зеленый (itu),56
Полотенце 40 х70 лимонный (itu),56
Полотенце 40 х70 малиновый (itu),56
Полотенце 40 х70 оранжевый (itu),56
Полотенце 40 х70 персиковый (itu),56
Полотенце 40 х70 розовый (itu),56
Полотенце 40 х70 салатовый (itu),56
Полотенце 40 х70 светло-голубой(itu),56
Полотенце 40 х70 светло-зеленый (itu),56
Полотенце 40 х70 светло-кремовый (itu),56
Полотенце 40 х70 сиреневый (itu),56
Полотенце 40 х70 ярко-зеленый (itu),56
Полотенце 50 х90 бирюзовый (itu),90
Полотенце 50 х90 бордовый (itu),90
Полотенце 50 х90 голубой (itu),90
Полотенце 50 х90 желтый(itu),90
Полотенце 50 х90 зеленый (itu),90
Полотенце 50 х90 красный (itu),90
Полотенце 50 х90 лимонный (itu),90
Полотенце 50 х90 малиновый (itu),90
Полотенце 50 х90 оранжевый (itu),90
Полотенце 50 х90 персиковый (itu),90
Полотенце 50 х90 розовый (itu),90
Полотенце 50 х90 салатовый (itu),90
Полотенце 50 х90 светло-голубой (itu),90
Полотенце 50 х90 светло-зеленый (itu),90
Полотенце 50 х90 светло-кремовый (itu),90
Полотенце 50 х90 сиреневый (itu),90
Полотенце 50 х90 темно-оливковый (itu),90
Полотенце 50 х90 шоколад (itu),90
Полотенце 70 х140 белое (itu),177
Полотенце 70 х140 бордовый (itu),177
Полотенце 70 х140 голубой (itu),177
Полотенце 70 х140 желтый (itu),177
Полотенце 70 х140 зеленый (itu),177
Полотенце 70 х140 красный (itu),177
Полотенце 70 х140 лимонный (itu),177
Полотенце 70 х140 малиновый (itu),177
Полотенце 70 х140 оранжевый (itu),177
Полотенце 70 х140 персиковый (itu),177
Полотенце 70 х140 розовый (itu),177
Полотенце 70 х140 салатовый (itu),177
Полотенце 70 х140 светло-голубой (itu),177
Полотенце 70 х140 светло-зеленый (itu),177
Полотенце 70 х140 светло-кремовый (itu),177
Полотенце 70 х140 сиреневый (itu),177
Полотенце 70 х140 темно-оливковый (itu),177
Полотенце 70 х140 шоколад (itu),177
