BRT140KIT70/;Комплект полотенец, 3шт
BRT70KIT70/;Комплект полотенец, 3шт
BRT90KIT90/;Комплект полотенец, 3шт
ЭК180Д01/;Простыни
BRT140X2KIT/;Комплект полотенец, 2шт
BRT140X3KIT/;Комплект полотенец, 3шт
BRT140M3KIT/;Комплект полотенец, 3шт
BRT90M2KIT;Комплект полотенец, 2шт
BRT90X2KIT;Комплект полотенец, 2шт
КБЫКИ515/;Носки
КГОРОХ214/;Носки
КДЖОКЕР32/;Носки
ККЛАССИКА313/;Носки
КМАЖОР311/;Носки
КМАЖОР33/;Носки
КМИНИСТЕР37/;Носки
КНГ516/;Носки
КНГЕ210/;Носки
КНГЕ26/;Носки
КНГУСЫ312/;Носки
КНГУСЫ34/;Носки
КОСЕНЬ31/;Носки
КОСЕНЬ39/;Носки
КСЕРЫЙ38/;Носки
КУЗОР35/;Носки
