article,nomenclature
Полотенце 100 х180 белое (itu),4833001530070/белый
Полотенце 100 х180 бирюзовый (itu),4833001530070/бирюза
Полотенце 100 х180 бордовый (itu),4833001530070/бордовый
Полотенце 100 х180 васильковый (itu),4833001530070/васильковый
Полотенце 100 х180 голубой (itu),4833001530070/голубой
Полотенце 100 х180 желтый(itu),4833001530070/желтый
Полотенце 100 х180 зеленый (itu),4833001530070/Зеленый
Полотенце 100 х180 красный (itu),4833001530070/Красный
Полотенце 100 х180 лимонный (itu),4833001530070/лимонный
Полотенце 100 х180 малиновый (itu),4833001530070/малиновый
Полотенце 100 х180 морская волна (itu),4833001530070/морская-волна
Полотенце 100 х180 оранжевый (itu),4833001530070/оранжевый
Полотенце 100 х180 персиковый (itu),4833001530070/персиковый
Полотенце 100 х180 розовый (itu),4833001530070/розовый
Полотенце 100 х180 салатовый (itu),4833001530070/салатовый
Полотенце 100 х180 светло-голубой (itu),4833001530070/Светло-голубой
Полотенце 100 х180 светло-зеленый (itu),4833001530070/светло-зеленый
Полотенце 100 х180 светло-кремовый (itu),4833001530070/светло-кремовый
Полотенце 100 х180 синий (itu),4833001530070/синий
Полотенце 100 х180 сиреневый (itu),4833001530070/Сиреневый
Полотенце 100 х180 темно-оливковый (itu),4833001530070/темно-оливковый
Полотенце 100 х180 темно-синий (itu),4833001530070/темно-синий
Полотенце 100 х180 шоколад (itu),4833001530070/шоколад
Полотенце 100 х180 ярко-зеленый (itu),4833001530070/Ярко-зеленый
Полотенце 150 х210 белое (itu),4833001530087/белый
Полотенце 150 х210 бирюзовый (itu),4833001530087/бирюзовый
Полотенце 150 х210 бордовый (itu),4833001530087/бордовый
Полотенце 150 х210 васильковый (itu),4833001530087/васильковый
Полотенце 150 х210 голубой (itu),4833001530087/голубой
Полотенце 150 х210 желтый(itu),4833001530087/желтый
Полотенце 150 х210 зеленый (itu),4833001530087/зеленый
Полотенце 150 х210 красный (itu),4833001530087/красный
Полотенце 150 х210 малиновый (itu),4833001530087/малиновый
Полотенце 150 х210 морская волна (itu),4833001530087/Морская-волна
Полотенце 150 х210 оранжевый (itu),4833001530087/оранжевый
Полотенце 150 х210 персиковый (itu),4833001530087/персиковый
Полотенце 150 х210 розовый (itu),4833001530087/светло-розовый
Полотенце 150 х210 салатовый (itu),4833001530087/салатовый
Полотенце 150 х210 светло-голубой (itu),4833001530087/светло-голубой
Полотенце 150 х210 светло-зеленый (itu),4833001530087/светло-зеленый
Полотенце 150 х210 светло-кремовый(itu),4833001530087/светло-кремовый
Полотенце 150 х210 светло-серый (itu),4833001530087/светло-серый
Полотенце 150 х210 сиреневый (itu),4833001530087/сиреневый
Полотенце 150 х210 темно-оливковый (itu),4833001530087/темно-оливковый
Полотенце 150 х210 темно-синий (itu),4833001530087/Темно-синий
Полотенце 150 х210 шоколад (itu),4833001530087/шоколад
Полотенце 150 х210 ярко-зеленый (itu),4833001530087/ярко-зеленый
Полотенце 180 х210 белое (itu),4833001530094/белый
Полотенце 180 х210 бирюзовый (itu),4833001530094/бирюзовый
Полотенце 180 х210 бордовый (itu),4833001530094/бордовый
Полотенце 180 х210 васильковый (itu),4833001530094/васильковый
Полотенце 180 х210 голубой (itu),4833001530094/голубой
Полотенце 180 х210 желтый(itu),4833001530094/желтый
Полотенце 180 х210 зеленый (itu),4833001530094/зеленый
Полотенце 180 х210 красный (itu),4833001530094/красный
Полотенце 180 х210 лимонный (itu),4833001530094/лимонный
Полотенце 180 х210 малиновый (itu),4833001530094/малиновый
Полотенце 180 х210 морская волна (itu),4833001530094/морская-волна
Полотенце 180 х210 оранжевый (itu),4833001530094/оранжевый
Полотенце 180 х210 персиковый (itu),4833001530094/персиковый
Полотенце 180 х210 розовый (itu),4833001530094/розовый
Полотенце 180 х210 салатовый (itu),4833001530094/салатовый
Полотенце 180 х210 светло-голубой (itu),4833001530094/светло-голубой
Полотенце 180 х210 светло-зеленый (itu),4833001530094/светло-зеленый
Полотенце 180 х210 светло-кремовый (itu),4833001530094/светло-кремовый
Полотенце 180 х210 сиреневый (itu),4833001530094/сиреневый
Полотенце 180 х210 темно-оливковый (itu),4833001530094/темно-оливковый
Полотенце 180 х210 темно-синий (itu),4833001530094/темно-синий
Полотенце 180 х210 шоколад (itu),4833001530094/шоколад
Полотенце 180 х210 ярко-зеленый (itu),4833001530094/ярко-зеленый
Полотенце 180 х210 светло-серый (itu),4833001530094/светло-серый
Полотенце 30 х 30 белое (itu),
Полотенце 30 х 30 кремовое (itu),
Полотенце 30 х 30 светло-кремовое (itu),
Полотенце 30 х 30 светло-серое (itu),
Полотенце 30 х 30 темно-голубое (itu),
Полотенце 40 х70 белое (itu),
Полотенце 40 х70 бирюзовый (itu),
Полотенце 40 х70 бордовый (itu),
Полотенце 40 х70 васильковый (itu),
Полотенце 40 х70 голубой (itu),
Полотенце 40 х70 желтый (itu),
Полотенце 40 х70 зеленый (itu),
Полотенце 40 х70 красный (itu),
Полотенце 40 х70 малиновый (itu),
Полотенце 40 х70 оранжевый (itu),
Полотенце 40 х70 персиковый (itu),
Полотенце 40 х70 розовый (itu),
Полотенце 40 х70 салатовый (itu),
Полотенце 40 х70 светло-голубой(itu),
Полотенце 40 х70 светло-зеленый (itu),
Полотенце 40 х70 светло-кремовый (itu),
Полотенце 40 х70 сиреневый (itu),
Полотенце 40 х70 темно-оливковый (itu),
Полотенце 40 х70 темно-синий (itu),
Полотенце 40 х70 шоколад (itu),
Полотенце 40 х70 ярко-зеленый (itu),
Полотенце 50 х90 белое (itu),4833001530049/белый
Полотенце 50 х90 бирюзовый (itu),4833001530049/бирюза
Полотенце 50 х90 бордовый (itu),4833001530049/бордовый
Полотенце 50 х90 васильковый (itu),4833001530049/васильковый
Полотенце 50 х90 голубой (itu),4833001530049/голубой
Полотенце 50 х90 желтый(itu),4833001530049/желтый
Полотенце 50 х90 зеленый (itu),4833001530049/зеленый
Полотенце 50 х90 красный (itu),4833001530049/красный
Полотенце 50 х90 лимонный (itu),4833001530049/лимонный
Полотенце 50 х90 малиновый (itu),4833001530049/малиновый
Полотенце 50 х90 морская волна (itu),4833001530049/морская-волна
Полотенце 50 х90 оранжевый (itu),4833001530049/оранжевый
Полотенце 50 х90 персиковый (itu),4833001530049/персиковый
Полотенце 50 х90 розовый (itu),4833001530049/розовый
Полотенце 50 х90 салатовый (itu),4833001530049/салатовый
Полотенце 50 х90 светло-голубой (itu),4833001530049/светло-голубой
Полотенце 50 х90 светло-зеленый (itu),4833001530049/светло-зеленый
Полотенце 50 х90 светло-кремовый (itu),4833001530049/светло-кремовый
Полотенце 50 х90 светло-серый (itu),4833001530049/светло-серый
Полотенце 50 х90 сиреневый (itu),4833001530049/сиреневый
Полотенце 50 х90 темно-оливковый (itu),4833001530049/темно-оливковый
Полотенце 50 х90 темно-синий (itu),4833001530049/темно-синий
Полотенце 50 х90 шоколад (itu),4833001530049/шоколад
Полотенце 50 х90 ярко-зеленый (itu),4833001530049/ярко-зеленый
Полотенце 70 х140 белое (itu),4833001530063/белый
Полотенце 70 х140 бирюзовый (itu),4833001530063/бирюза
Полотенце 70 х140 бордовый (itu),4833001530063/бордовый
Полотенце 70 х140 васильковый (itu),4833001530063/васильковый
Полотенце 70 х140 голубой (itu),4833001530063/голубой
Полотенце 70 х140 желтый (itu),4833001530063/желтый
Полотенце 70 х140 зеленый (itu),4833001530063/зеленый
Полотенце 70 х140 красный (itu),4833001530063/красный
Полотенце 70 х140 лимонный (itu),4833001530063/лимонный
Полотенце 70 х140 малиновый (itu),4833001530063/малиновый
Полотенце 70 х140 морская волна (itu),4833001530063/морская-волна
Полотенце 70 х140 оранжевый (itu),4833001530063/оранжевый
Полотенце 70 х140 персиковый (itu),4833001530063/персиковый
Полотенце 70 х140 розовый (itu),4833001530063/розовый
Полотенце 70 х140 салатовый (itu),4833001530063/салатовый
Полотенце 70 х140 светло-голубой (itu),4833001530063/сетло-голубой
Полотенце 70 х140 светло-зеленый (itu),4833001530063/светло-зеленый
Полотенце 70 х140 светло-кремовый (itu),4833001530063/светло-кремовый
Полотенце 70 х140 светло-серый (itu),4833001530063/светло-серый
Полотенце 70 х140 сиреневый (itu),4833001530063/сиреневый
Полотенце 70 х140 темно-оливковый (itu),4833001530063/темно-оливковый
Полотенце 70 х140 темно-синий (itu),4833001530063/темно-синий
Полотенце 70 х140 шоколад (itu),4833001530063/шоколад
Полотенце 70 х140 ярко-зеленый (itu),4833001530063/ярко-зеленый
BRT70KIT70/белый (itu),BRT70KIT70/белый
BRT70KIT70/бирюзовый (itu),BRT70KIT70/бирюзовый
BRT70KIT70/бордовый (itu),BRT70KIT70/бордовый
BRT70KIT70/васильковый (itu),BRT70KIT70/васильковый
BRT70KIT70/голубой (itu),BRT70KIT70/голубой
BRT70KIT70/желтый (itu),BRT70KIT70/желтый
BRT70KIT70/зеленый (itu),BRT70KIT70/зеленый
BRT70KIT70/красный (itu),BRT70KIT70/красный
BRT70KIT70/лимонный (itu),BRT70KIT70/лимонный
BRT70KIT70/малиновый (itu),BRT70KIT70/малиновый
BRT70KIT70/морская-волна (itu),BRT70KIT70/морская-волна
BRT70KIT70/оранжевый (itu),BRT70KIT70/оранжевый
BRT70KIT70/персиковый (itu),BRT70KIT70/персиковый
BRT70KIT70/розовый (itu),BRT70KIT70/розовый
BRT70KIT70/светло-голубой (itu),BRT70KIT70/светло-голубой
BRT70KIT70/светло-зеленый (itu),BRT70KIT70/светло-зеленый
BRT70KIT70/светло-кремовый (itu),BRT70KIT70/светло-кремовый
BRT70KIT70/салатовый (itu),BRT70KIT70/салатовый
BRT70KIT70/сиреневый (itu),BRT70KIT70/сиреневый
BRT70KIT70/темно-оливковый (itu),BRT70KIT70/темно-оливковый
BRT70KIT70/темно-синий (itu),BRT70KIT70/темно-синий
BRT70KIT70/шоколад (itu),BRT70KIT70/шоколад
BRT70KIT70/ярко-зеленый (itu),BRT70KIT70/ярко-зеленый
BRT140KIT70/белый (itu),BRT140KIT70/белый
BRT140KIT70/бирюзовый (itu),BRT140KIT70/бирюзовый
BRT140KIT70/бордовый (itu),BRT140KIT70/бордовый
BRT140KIT70/васильковый (itu),BRT140KIT70/васильковый
BRT140KIT70/голубой (itu),BRT140KIT70/голубой
BRT140KIT70/желтый (itu),BRT140KIT70/желтый
BRT140KIT70/зеленый (itu),BRT140KIT70/зеленый
BRT140KIT70/красный (itu),BRT140KIT70/красный
BRT140KIT70/лимонный (itu),BRT140KIT70/лимонный
BRT140KIT70/малиновый (itu),BRT140KIT70/малиновый
BRT140KIT70/морская-волна (itu),BRT140KIT70/морская-волна
BRT140KIT70/оранжевый (itu),BRT140KIT70/оранжевый
BRT140KIT70/персиковый (itu),BRT140KIT70/персиковый
BRT140KIT70/розовый (itu),BRT140KIT70/розовый
BRT140KIT70/светло-голубой (itu),BRT140KIT70/светло-голубой
BRT140KIT70/светло-кремовый (itu),BRT140KIT70/светло-кремовый
BRT140KIT70/салатовый (itu),BRT140KIT70/салатовый
BRT140KIT70/светло-зеленый (itu),BRT140KIT70/светло-зеленый
BRT140KIT70/сиреневый (itu),BRT140KIT70/сиреневый
BRT140KIT70/темно-оливковый (itu),BRT140KIT70/темно-оливковый
BRT140KIT70/темно-синий (itu),BRT140KIT70/темно-синий
BRT140KIT70/шоколад (itu),BRT140KIT70/шоколад
BRT140KIT70/ярко-зеленый (itu),BRT140KIT70/ярко-зеленый
BRT140X2KIT/бел-крсн,BRT140X2KIT/бел-крсн
BRT140X2KIT/бел-лм,BRT140X2KIT/бел-лм
BRT140X2KIT/бел-орнж,BRT140X2KIT/бел-орнж
BRT140X2KIT/бел-свзел,BRT140X2KIT/бел-свзел
BRT140X2KIT/бел-свкрм,BRT140X2KIT/бел-свкрм
BRT140X2KIT/бел-тмсин,BRT140X2KIT/бел-тмсин
BRT140X2KIT/бел-яркзел,BRT140X2KIT/бел-яркзел
BRT140X2KIT/бир-жлт,BRT140X2KIT/бир-жлт
BRT140X2KIT/бир-сирн,BRT140X2KIT/бир-сирн
BRT140X2KIT/брд-бир,BRT140X2KIT/брд-бир
BRT140X2KIT/брд-жлт,BRT140X2KIT/брд-жлт
BRT140X2KIT/вслк-крсн,BRT140X2KIT/вслк-крсн
BRT140X2KIT/вслк-лм,BRT140X2KIT/вслк-лм
BRT140X2KIT/вслк-орнж,BRT140X2KIT/вслк-орнж
BRT140X2KIT/крсн-лм,BRT140X2KIT/крсн-лм
BRT140X2KIT/крсн-свкрм,BRT140X2KIT/крсн-свкрм
BRT140X2KIT/крсн-тмсин,BRT140X2KIT/крсн-тмсин
BRT140X2KIT/лм-орнж,BRT140X2KIT/лм-орнж
BRT140X2KIT/лм-прск,BRT140X2KIT/лм-прск
BRT140X2KIT/лм-тмсин,BRT140X2KIT/лм-тмсин
BRT140X2KIT/мал-жлт,BRT140X2KIT/мал-жлт
BRT140X2KIT/мал-сирн,BRT140X2KIT/мал-сирн
BRT140X2KIT/орнж-свкрм,BRT140X2KIT/орнж-свкрм
BRT140X2KIT/орнж-тмсин,BRT140X2KIT/орнж-тмсин
BRT140X2KIT/прск-свкрм,BRT140X2KIT/прск-свкрм
BRT140X2KIT/прск-тмсин,BRT140X2KIT/прск-тмсин
BRT140X2KIT/роз-бир,BRT140X2KIT/роз-бир
BRT140X2KIT/роз-брд,BRT140X2KIT/роз-брд
BRT140X2KIT/роз-жлт,BRT140X2KIT/роз-жлт
BRT140X2KIT/роз-свгол,BRT140X2KIT/роз-свгол
BRT140X2KIT/свзел-крсн,BRT140X2KIT/свзел-крсн
BRT140X2KIT/свзел-лм,BRT140X2KIT/свзел-лм
BRT140X2KIT/свзел-орнж,BRT140X2KIT/свзел-орнж
BRT140X2KIT/свзел-прск,BRT140X2KIT/свзел-прск
BRT140X2KIT/свзел-свкрм,BRT140X2KIT/свзел-свкрм
BRT140X2KIT/свзел-сирн,BRT140X2KIT/свзел-сирн
BRT140X2KIT/свзел-тмсин,BRT140X2KIT/свзел-тмсин
BRT140X2KIT/свкрм-тмсин,BRT140X2KIT/свкрм-тмсин
BRT140X2KIT/сирн-жлт,BRT140X2KIT/сирн-жлт
BRT90KIT90/белый (itu),BRT90KIT90/белый
BRT90KIT90/бордовый (itu),BRT90KIT90/бордовый
BRT90KIT90/бирюзовый (itu),BRT90KIT90/бирюзовый
BRT90KIT90/голубой (itu),BRT90KIT90/голубой
BRT90KIT90/васильковый (itu),BRT90KIT90/васильковый
BRT90KIT90/желтый (itu),BRT90KIT90/желтый
BRT90KIT90/зеленый (itu),BRT90KIT90/зеленый
BRT90KIT90/красный (itu),BRT90KIT90/красный
BRT90KIT90/лимонный (itu),BRT90KIT90/лимонный
BRT90KIT90/малиновый (itu),BRT90KIT90/малиновый
BRT90KIT90/морская-волна (itu),BRT90KIT90/морская-волна
BRT90KIT90/оранжевый (itu),BRT90KIT90/оранжевый
BRT90KIT90/персиковый (itu),BRT90KIT90/персиковый
BRT90KIT90/розовый (itu),BRT90KIT90/розовый
BRT90KIT90/салатовый (itu),BRT90KIT90/салатовый
BRT90KIT90/сиреневый (itu),BRT90KIT90/сиреневый
BRT90KIT90/светло-голубой (itu),BRT90KIT90/светло-голубой
BRT90KIT90/светло-кремовый (itu),BRT90KIT90/светло-кремовый
BRT90KIT90/светло-зеленый (itu),BRT90KIT90/светло-зеленый
BRT90KIT90/темно-оливковый (itu),BRT90KIT90/темно-оливковый
BRT90KIT90/ярко-зеленый (itu),BRT90KIT90/ярко-зеленый
BRT90KIT90/светло-серый (itu),BRT90KIT90/светло-серый
BRT90KIT90/темно-синий (itu),BRT90KIT90/темно-синий
BRT90KIT90/шоколад (itu),BRT90KIT90/шоколад
ЭК140Д01/светло-розовый,ЭК140Д01/Светло-розовый
ЭК180Д01/светло-розовый,ЭК180Д01/светло-розовый
BRT70KIT70/бир-жлт-мал,BRT70KIT70/бир-жлт-мал
BRT70KIT70/брд-жлт-свгол,BRT70KIT70/брд-жлт-свгол
BRT70KIT70/брд-роз-бир,BRT70KIT70/брд-роз-бир
BRT70KIT70/брд-сирн-бир,BRT70KIT70/брд-сирн-бир
BRT70KIT70/мал-свгол-роз,BRT70KIT70/мал-свгол-роз
BRT70KIT70/роз-сирн-бир,BRT70KIT70/роз-сирн-бир
BRT70KIT70/сирн-жлт-роз,BRT70KIT70/сирн-жлт-роз
BRT90KIT90/бир-жлт-мал,BRT90KIT90/бир-жлт-мал
BRT90KIT90/брд-жлт-свгол,BRT90KIT90/брд-жлт-свгол
BRT90KIT90/брд-роз-бир,BRT90KIT90/брд-роз-бир
BRT90KIT90/брд-сирн-бир,BRT90KIT90/брд-сирн-бир
BRT90KIT90/мал-свгол-роз,BRT90KIT90/мал-свгол-роз
BRT90KIT90/роз-сирн-бир,BRT90KIT90/роз-сирн-бир
BRT90KIT90/сирн-жлт-роз,BRT90KIT90/сирн-жлт-роз
Полотенце 100 х 180 малиновое 0804021/212,AST100X180/малиновый
Полотенце 100 х 180 плот 430 г/м бирюза светлая 70201/0212,AST100X180/бирюзовый
Полотенце 100 х 180 плот 430 г/м васильковый 0802039/0212,AST100X180/васильковый
Полотенце 100 х 180 плот 430 г/м зеленый 0802011/0212,AST100X180/зеленый
Полотенце 100 х 180 плот 430 г/м коралловое 35001/0212,AST100X180/коралловый
Полотенце 100 х 180 плот 430 г/м малиновое 0804021/0212,AST100X180/малиновый
Полотенце 100 х 180 плот 430 г/м мандариновое 16001/0212,AST100X180/мандариновый
Полотенце 155 х 200 бирюза светлая 70201/0366,AST155X200/бирюзовый
Полотенце 155 х 200 бордовое 45002/127,AST155X200/бордовый
Полотенце 155 х 200 коралловое 35001/127,AST155X200/коралловый
Полотенце 155 х 200 красное 0806002/0127,AST155X200/красный
Полотенце 155 х 200 малиновое 0804021/127,AST155X200/малиновый
Полотенце 155 х 200 мандариновое 24013/127,AST155X200/мандариновый
Полотенце 155 х 200 оранжевое 23551/127,AST155X200/оранжевый
Полотенце 155 х 200 розовое 0711011/127,AST155X200/розовый
Полотенце 155 х 200 салатовое 0805001/127,AST155X200/салатовый
Полотенце 190 х 200 персиковое 23201/126,AST190X200/персиковый
Полотенце 190 х 200 оранжевое 380 гр 23551/126,AST190X200/оранжевый
Полотенце 190 х 200 персиковое 0802040/0126,AST190X200/персиковый
Полотенце 190 х 200 красное 0711007/126,AST190X200/красный
Полотенце 190 х 200 бордовое 45002/126,AST190X200/бордовый
Полотенце 190 х 200 розовое 380гр. 0711011/126,AST190X200/розовый
Полотенце 190 х 200 малиновое 0804021/126,AST190X200/малиновый
Полотенце 190 х 200 изумрудное 83009/126,AST190X200/изумрудный
Полотенце 190 х 200 мандариновое 16001/0126,AST190X200/мандариновый
Полотенце 190 х 200 белое 380г. 00014/126,AST190X200/белый
Полотенце 190 х 200 салатовое 380гр 0710005/126,AST190X200/салатовый